start-date,first-name,gender,last-name,personInfo.person-id-external,operation,Married
Event Date,First Name,Gender,Last Name,Person ID External,Operation,married
5/13/2022,Benjamin,M,Isabella,20226,,
5/14/2022,Benjamin1,M,Isabella,20227,,
5/15/2022,Benjamin2,M,Isabella,20228,,
5/16/2022,Benjamin3,M,Isabella,20229,,
5/17/2022,Benjamin4,M,Isabella,20230,,
5/18/2022,Benjamin5,M,Isabella,20231,,
5/19/2022,Benjamin6,M,Isabella,20232,,
5/20/2022,Benjamin7,M,Isabella,20233,,
5/21/2022,Benjamin8,M,Isabella,20234,,
5/22/2022,Benjamin9,M,Isabella,20235,,
5/23/2022,Benjamin10,M,Isabella,20236,,
